size,min,max,avg,median
10000,15.545361518859863,15.822862148284912,15.683872556686401,15.677592873573303
1000,0.1519770622253418,0.15889334678649902,0.15382301807403564,0.15316951274871826
100,0.001268148422241211,0.003072977066040039,0.001723909378051758,0.001682281494140625
2500,0.9880757331848145,0.9950413703918457,0.9918241977691651,0.9921673536300659
250,0.007547140121459961,0.008450031280517578,0.008090043067932129,0.008136272430419922
5000,3.5985851287841797,3.754798650741577,3.6933347463607786,3.6954039335250854
500,0.03531455993652344,0.036202192306518555,0.035622453689575194,0.03558242321014404
7500,8.53369927406311,8.618366718292236,8.580174016952515,8.579225420951843
750,0.08374190330505371,0.08547830581665039,0.08449685573577881,0.08438444137573242
