size,min,max,avg,median
10000,8.883910417556763,9.3830726146698,9.024387216567993,8.949053525924683
1000,0.11510157585144043,0.12403440475463867,0.12012293338775634,0.12172567844390869
100,0.0013272762298583984,0.0033698081970214844,0.0021190881729125977,0.0016399621963500977
2500,0.7120623588562012,0.7582097053527832,0.7396366119384765,0.7422919273376465
250,0.007283926010131836,0.008298397064208984,0.00808107852935791,0.008195161819458008
5000,2.242349624633789,2.62404727935791,2.355935049057007,2.3206712007522583
500,0.03136634826660156,0.03301692008972168,0.032103681564331056,0.03202378749847412
7500,5.079625368118286,5.343048810958862,5.183417272567749,5.15107536315918
750,0.06442070007324219,0.09195709228515625,0.06790921688079835,0.06521165370941162
